ticker,cnpj,nome,segmento,classe,frac_imoveis
000011,36.501.249/0001-28,LWTC FUNDO DE INVESTIMENTO IMOBILIÁRIO,Tijolo (outros),tijolo,2.25
00DX11,26.191.053/0001-20,FII GOLDEN WEST,Tijolo (outros),tijolo,2.02
00MM11,22.081.808/0001-83,BRAZIL PROPERTIES INVEST FUNDO DE INVESTIMENTO I,Tijolo (outros),tijolo,2.02
018C11,30.871.660/0001-09,CLASSE A DO VBI ULIVING MULTICLASSE FII RESP LIM,Tijolo (outros),tijolo,2.03
01W411,30.258.790/0001-70,PRAZO FII - RESPONSABILIDADE LIMITADA,Tijolo (outros),tijolo,2.2
026W11,31.547.782/0001-07,AGRI8 - FUNDO DE INVESTIMENTO IMOBILIÁRIO,Tijolo (outros),tijolo,0.92
045A11,23.781.211/0001-04,FII NORTHWEST,Tijolo (outros),tijolo,2.28
05KX11,35.765.889/0001-82,JACARANDÁ FUNDO DE INVESTIMENTO IMOBILIÁRIO.,Tijolo (outros),tijolo,0.7
06X411,36.200.654/0001-06,VINCI FULWOOD DESENV LOGÍSTICO FUNDO DE INVEST I,Logística,hibrido,0.28
0A1T11,30.091.506/0001-14,NOVA IGUACU FII RL,Tijolo (outros),tijolo,1.97
0AJU11,42.537.540/0001-59,BRICK 80 FII RL,Tijolo (outros),tijolo,2.16
0BLF11,41.969.521/0001-39,EVORIS FUNDO DE INVESTIMENTO IMOBILIÁRIO,Tijolo (outros),tijolo,1.01
0BZC11,44.728.520/0001-90,HIGH END REAL ESTATE FUNDO DE INVESTIMENTO IMOBI,Tijolo (outros),tijolo,2.31
0C4211,45.063.985/0001-32,FII ARTEMIS 20222,Tijolo (outros),tijolo,2.53
0CNP11,43.617.647/0001-70,FUNDO DE INVESTIMENTO IMOBILIÁRIO - FII BIOTIC,Tijolo (outros),tijolo,2.0
0CWF11,41.776.296/0001-14,LUCERNA FUNDO DE INVESTIMENTO IMOBILIÁRIOS,Tijolo (outros),tijolo,1.96
0DFM11,47.154.849/0001-83,PROPP I FUNDO DE INVESTIMENTO IMOBILIÁRIO,Tijolo (outros),tijolo,0.71
0DWK11,22.646.161/0001-90,IZAR FUNDO DE INVESTIMENTO IMOBILIÁRIO - FII,Tijolo (outros),tijolo,1.5
0E0711,47.102.860/0001-08,FII ATIVOS EM SAÚDE - SAUD,Renda/Especial,tijolo,2.01
0E9L11,47.896.665/0001-99,FII CAPITÂNIA SHOPP,Tijolo (outros),tijolo,0.87
0EHW11,44.002.561/0001-03,TORINO FDO INVEST IMOB RESP LTDA,Tijolo (outros),tijolo,2.16
0EL311,43.790.197/0001-12,NOVO CAMPO FUNDO DE INVESTIMENTO IMOBILIÁRIO - F,Tijolo (outros),tijolo,2.0
0EMM11,17.655.122/0001-19,VANQUISH FUNDO DE INVESTIMENTO IMOBILIÁRO - FII,Tijolo (outros),tijolo,1.62
0EPD11,43.565.147/0001-31,REAL ESTATE TRANCOSO II FII - CLASSE A,Tijolo (outros),tijolo,1.78
0EZ011,31.907.591/0001-09,SBC FUNDO DE INVESTIMENTO IMOBILIÁRIO,Tijolo (outros),tijolo,2.01
0FFP11,50.479.122/0001-80,BTGP LOGCP FII,Logística,tijolo,2.07
0FG811,50.255.690/0001-06,DEMETER FI NAS CADEIAS PRODUTIVAS AGROINDUSTRIAI,Tijolo (outros),tijolo,0.93
0FJE11,23.426.470/0001-17,FII TRIPLE A ORDINARIA,Tijolo (outros),tijolo,2.09
0FLV11,50.117.874/0001-00,ALDEOTA RENDA IMOBILIÁRIA FII - FII,Tijolo (outros),tijolo,2.02
0FMU11,41.820.693/0001-46,FLORIANO FUNDO DE INVESTIMENTO IMOBILIÁRIO,Tijolo (outros),tijolo,1.96
0G0411,51.067.062/0001-51,HOP FUNDO DE INVESTIMENTO IMOBILIARIO,Tijolo (outros),tijolo,2.75
0H8W11,49.893.516/0001-00,CL GUARULHOS II - FUNDO DE INVESTIMENTO IMOBILIA,Tijolo (outros),tijolo,0.88
0HA511,43.951.970/0001-85,PDC II FUNDO DE INVESTIMENTO IMOBILIÁRIO,Tijolo (outros),tijolo,3.41
0HNK11,53.076.746/0001-45,EXITUS PLUS  FUNDO DE INVESTIMENTO IMOBILIÁRIO,Tijolo (outros),tijolo,0.81
0HRP11,53.251.006/0001-06,NAVI RESIDENCIAL PRIME OPP FII - CASCA,Tijolo (outros),tijolo,1.78
0HWC11,52.366.833/0001-74,CODEMAR FUNDO DE INVESTIMENTO IMOBILIÁRIO,Tijolo (outros),tijolo,0.89
0IS611,54.386.365/0001-25,PLAZA IGUATEMI - FUNDO DE INVESTIMENTO IMOBILIAR,Tijolo (outros),tijolo,1.99
0IUP11,53.294.592/0001-68,JHSF PONTA NEGRA,Tijolo (outros),tijolo,2.0
0IWO11,41.978.140/0001-16,VBI RENDA PREFERENCIAL FII,Tijolo (outros),tijolo,0.91
0J6F11,53.191.611/0001-20,TERRAZ FII,Tijolo (outros),tijolo,1.15
0J9O11,54.250.610/0001-72,ELOHIM FDO INVEST IMOB,Tijolo (outros),tijolo,0.98
0JS311,44.669.674/0001-59,FII TAG OCEANUS,Tijolo (outros),tijolo,1.88
0JVP11,43.671.250/0001-66,LAGUNA FUNDO DE INVESTIMENTO IMOBILIÁRIO - FII,Tijolo (outros),tijolo,0.82
0KO811,55.729.232/0001-77,RIZA KALITHEA FII RESPONSABILIDADE LIMITADA,Tijolo (outros),tijolo,3.28
0KSL11,50.918.320/0001-01,FII PIEMONTESE,Tijolo (outros),tijolo,2.0
0L2U11,37.950.819/0001-20,CONTE BIANCAMANO FII,Tijolo (outros),tijolo,2.0
0LC411,55.969.466/0001-91,SUNXITT FII DE RESPONSABILIDADE LIMITADA,Tijolo (outros),tijolo,0.92
0LM611,38.293.862/0001-22,ALIANZA DIGITAL FII,Tijolo (outros),tijolo,3.22
0LMF11,54.557.596/0001-54,BM FII,Tijolo (outros),tijolo,3.84
0LNI11,52.353.292/0001-40,BTG RE STRUCT FII RL,Tijolo (outros),tijolo,2.7
0LNR11,53.309.565/0001-11,CROMOSSOMO FII,Tijolo (outros),tijolo,1.99
0LO511,40.414.001/0001-05,FLAMENGO FII RESP LTDA,Tijolo (outros),tijolo,2.65
0LPD11,56.524.816/0001-79,MASH EMPREENDIMENTOS FII RESPONSABILIDADE LIMITA,Tijolo (outros),tijolo,2.01
0LT811,30.178.506/0001-56,FUNDO DE INVESTIMENTO IMOBILIÁRIO F2ZZ,Tijolo (outros),tijolo,1.89
0LTE11,37.931.298/0001-63,PETTRA - FUNDO DE INVESTIMENTO IMOBILIÁRIO,Tijolo (outros),tijolo,2.17
0LU911,57.216.258/0001-47,BGR B32 FUNDO DE INVESTIMENTO IMOBILIÁRIO,Tijolo (outros),tijolo,3.43
0LVD11,52.241.939/0001-41,FII OUTLET SANTA MARIA,Tijolo (outros),tijolo,1.96
0M3911,57.300.503/0001-08,ANNECY 59 FII,Tijolo (outros),tijolo,3.51
0M5K11,57.593.613/0001-05,RIZA EQUITUS FII,Tijolo (outros),tijolo,2.17
0MCA11,57.583.846/0001-19,AZ QST PANORAMA FII,Tijolo (outros),hibrido,0.3
0MIG11,57.965.466/0001-49,WHG SP REALTY II FUNDO DE INVESTIMENTO IMOBILIÁR,Tijolo (outros),hibrido,0.46
0MPR11,51.889.479/0001-08,FLORESTA FUNDO DE INVESTIMENTO IMOBILIÁRIO,Tijolo (outros),tijolo,1.39
0MST11,58.316.418/0001-92,BRASOL IMOB S FII,Tijolo (outros),tijolo,0.58
0MXG11,58.549.748/0001-28,ORIZ RAIZ II,Tijolo (outros),tijolo,0.99
0N1Q11,58.823.628/0001-77,CAPSICUM FUNDO DE INVESTIMENTO,Tijolo (outros),tijolo,2.0
0N4011,58.863.998/0001-38,XP LOGÍSTICO PRIME YIELD FUNDO DE INVESTIMENTO I,Logística,tijolo,4.82
0N8311,42.537.492/0001-07,PRIMEOFFICES III FII,Lajes,tijolo,2.0
0NIQ11,59.658.166/0001-42,BTG AAA CAJAMAR FII,Tijolo (outros),tijolo,1.6
0NK111,58.548.730/0001-01,FII LMNX FII RESPONSABILIDADE LIMITADA,Tijolo (outros),tijolo,1.97
0NT711,59.521.704/0001-52,QUATRO GERACOES FI NAS CADEIAS PROD DO AGRO - RE,Tijolo (outros),tijolo,1.43
0NYJ11,60.551.924/0001-08,FUNDO DE INVESTIMENTO IMOBILIÁRIO TG RENDA URBAN,Renda Urbana,tijolo,1.8
0O2D11,60.750.887/0001-67,PERMUTA LOTE 5 CAMPINAS FI IMOBILIÁRIO RESP LIMI,Tijolo (outros),tijolo,12.41
0OAA11,61.112.477/0001-53,PROPP II FUNDO DE INVESTIMENTO IMOBILIÁRIO,Tijolo (outros),tijolo,1.92
0OC111,60.922.008/0001-37,PRIME LOGISTICA FII,Logística,tijolo,2.21
0OCR11,61.103.762/0001-08,FUNDO DE INVESTIMENTO IMOBILIÁRIO JIVEMAUÁ PROPR,Tijolo (outros),tijolo,0.61
0OEM11,60.220.343/0001-93,GUIMMAR FUNDO DE INVESTIMENTO IMOBILIÁRI,Tijolo (outros),tijolo,1.98
0OVB11,61.848.349/0001-72,AZ QUEST PANORAMA RENDA CDI,Tijolo (outros),hibrido,0.39
0OVR11,61.293.720/0001-87,FII GENESIS CAPITAL PREMIUM PROPERTIES RL,Tijolo (outros),tijolo,16.54
0P1411,61.762.309/0001-03,CORPORATE CHUCRI - FII - RESPONSABILIDADE LIMITA,Lajes,hibrido,0.27
0P1Y11,61.516.271/0001-99,FII XP RENDA IMOBILIARIA MASTER,Tijolo (outros),tijolo,2.21
0P7L11,62.173.916/0001-09,LOTUS TOWER FII,Tijolo (outros),tijolo,1.8
0PAF11,62.305.611/0001-03,RIZA TRAKTOS FII,Tijolo (outros),tijolo,1.84
0PF211,19.131.224/0001-60,SAPUCAÍ RIO FUNDO DE INVESTIMENTO IMOBILIÁRIO - ,Tijolo (outros),tijolo,1.96
0PJW11,62.731.360/0001-10,TRIPLO A RESIDENCIAL FUNDO DE INVESTIMENTO IMOBI,Tijolo (outros),tijolo,0.59
0PJZ11,62.683.216/0001-56,FII WINGS RENDA IMOBILIÁRIA MASTER,Tijolo (outros),hibrido,0.52
0PL011,62.529.006/0001-08,METROPOLITANO BETIM FII - RESP LTDA,Tijolo (outros),tijolo,1.63
0PO511,62.811.491/0001-08,LCP LOTES FUNDO DE INVESTIMENTO IMOBILIA,Tijolo (outros),tijolo,0.95
0PP211,62.855.536/0001-46,LOTUS TOWER II FII,Tijolo (outros),tijolo,1.84
0PT411,36.420.742/0001-13,MAUÁ CAPITAL LAJES CORPORATIVAS FII,Lajes,tijolo,1.76
0PVQ11,62.995.191/0001-26,BGR GALPÕES LOGÍSTICOS I MASTER FII,Logística,tijolo,1.88
0PYD11,23.768.027/0001-24,TOP CENTER FII RL,Tijolo (outros),tijolo,1.2
0PYE11,43.008.884/0001-33,MAUÁ PROP INVEST FII,Tijolo (outros),hibrido,0.23
0PYG11,55.315.760/0001-80,PDP ALLOS FII,Tijolo (outros),tijolo,1.88
0PYH11,57.882.804/0001-89,RIZA THERA FII,Tijolo (outros),tijolo,1.82
0PYJ11,41.394.946/0001-67,CONTE ROSSO FII,Tijolo (outros),tijolo,3.1
0PYN11,43.009.610/0001-69,RBR MALLS FII,Shopping/Varejo,tijolo,1.35
0Q8X11,62.950.991/0001-20,JS RENDA IMOBILIARIA FI IMOBILIARIO RESP LIMITAD,Tijolo (outros),tijolo,0.8
0Q9211,60.619.652/0001-30,KRONOLOG I FII RESP LTDA,Logística,tijolo,4.99
0QBB11,63.416.131/0001-74,TREVISO RESIDENCIAL FII RESP LIMITADA,Tijolo (outros),hibrido,0.41
0QCY11,61.911.799/0001-62,SC JIVEMAUÁ CORPORATE FII,Lajes,tijolo,1.92
0QJ411,63.806.554/0001-09,HIREFII RESPONSABILIDADE LIMITADA,Tijolo (outros),tijolo,3.0
0QZU11,63.787.595/0001-97,GUARDIAN CORPORATE FII,Lajes,tijolo,1.93
0R5L11,63.240.822/0001-60,RIZA ATRIA FII,Tijolo (outros),tijolo,2.83
ABCP11,01.201.140/0001-90,GRAND PLAZA SHOPPING FII DE RESPONSABILIDADE LIM,Shopping/Varejo,tijolo,1.95
ADSH11,63.375.304/0001-53,AD SHOPPING FII RESP LIMITADA,Shopping/Varejo,tijolo,3.86
AIEC11,35.765.826/0001-26,ARCH EDIFICIOS CORPORATIVOS FII,Lajes,tijolo,1.81
AJFI11,51.472.985/0001-99,AJ MALLS FUNDO DE INVESTIMENTO IMOBILIÁRIO,Shopping/Varejo,tijolo,2.03
ALMI11,07.122.725/0001-00,TORRE ALMIRANTE FII,Tijolo (outros),tijolo,1.89
ALVS11,15.447.110/0001-73,SHOPP CIDADE JD FII,Tijolo (outros),tijolo,2.0
ALZR11,28.737.771/0001-85,ALIANZA TRUST FII RL,Tijolo (outros),tijolo,1.77
ANCR11,07.789.135/0001-27,FUNDO DE INVESTIMENTO IMOBILIÁRIO ANCAR IC,Tijolo (outros),tijolo,1.41
ANGC11,14.413.342/0001-48,FII RENDA CORPORATIVA ANGICO,Lajes,tijolo,1.76
APXM11,43.010.485/0001-07,APEX MALLS FII,Shopping/Varejo,tijolo,0.97
AQLL11,13.555.918/0001-49,AQUILLA FUNDO DE INVESTIMENTO IMOBILIÁRIO,Tijolo (outros),hibrido,0.55
ARFI11,14.069.202/0001-02,AQ3 RENDA FUNDO DE INVESTIMENTO IMOBILIÁRIO,Tijolo (outros),tijolo,2.27
AROA11,44.674.528/0001-11,FII AROEIRA 333 RENDA LOGISTICA,Logística,tijolo,1.96
ASMT11,38.293.921/0001-62,DAYCOVAL RE MULTIESTRATÉGIA FII RL,Tijolo (outros),tijolo,1.68
ATCR11,14.631.148/0001-39,HAZ FUNDO DE INVESTIMENTO IMOBILIARIO,Tijolo (outros),tijolo,0.94
ATRN11,12.401.858/0001-47,ATRIUM FII,Tijolo (outros),tijolo,5.19
ATSA11,12.809.972/0001-00,HEDGE ATRIUM SHOPPING SANTO ANDRÉ FUNDO DE INVES,Shopping/Varejo,tijolo,1.93
AURB11,41.076.823/0001-88,ALIANZA URBAN FII RL,Renda Urbana,tijolo,3.77
AZPE11,55.985.307/0001-80,FII AZ QUEST PANORAMA CREDITO,Tijolo (outros),tijolo,0.96
AZPL11,51.890.054/0001-00,AZ QUEST PANORAMA LOGISTICA FII RESP LIM,Logística,tijolo,0.55
AZPR11,51.665.327/0001-13,AZ PANORAMA CRÉDITO IMOBILIÁRIO FII,Tijolo (outros),tijolo,0.58
BBIG11,54.375.187/0001-37,BB PREMIUM MALLS FII DE RESPONSABILIDADE LIMITAD,Shopping/Varejo,tijolo,3.45
BBPO11,14.410.722/0001-29,TIVIO RENDA IMOBILIÁRIA,Tijolo (outros),tijolo,1.9
BBRC11,12.681.340/0001-04,BB RENDA CORPORATIVA FUNDO DE INVESTIMENTO IMOBI,Lajes,tijolo,1.81
BETW11,51.666.294/0001-26,BRPR E-TOWER FII SUB,Tijolo (outros),tijolo,1.98
BIPD11,42.869.892/0001-01,BRIO REAL ESTATE IV - FII,Tijolo (outros),tijolo,0.8
BLCA11,41.076.748/0001-55,CATUAÍ VBI FII RL,Tijolo (outros),tijolo,4.47
BLCP11,35.652.060/0001-73,BLUECAP LOG FII,Logística,tijolo,1.99
BLMG11,34.081.637/0001-71,BLUEMACAW LOGÍSTICA FUNDO INVESTIMENTO,Logística,hibrido,0.35
BLMO11,34.895.894/0001-47,VBI OFFICE FUND II FII,Lajes,tijolo,1.92
BLOG11,49.592.781/0001-40,BLUECAP LOG FUNDO DE INVESTIMENTO IMOBILIARIO,Logística,tijolo,1.78
BMLC11,14.376.247/0001-11,BM BRASCAN LAJES FII,Lajes,tijolo,1.95
BNFS11,15.570.431/0001-60,BANRISUL NOVAS FRONTEIRAS FII,Tijolo (outros),tijolo,1.87
BPCA11,38.294.086/0001-85,FII BTGP AAA CORP,Tijolo (outros),tijolo,2.09
BPG111,21.044.600/0001-21,BPGB-001 FUNDO DE INVESTIMENTO IMOBILIÁRIO,Tijolo (outros),tijolo,1.97
BPLC11,28.267.555/0001-13,BASILICA PARTNERS LED COPORATE FII,Tijolo (outros),tijolo,1.99
BPML11,33.046.142/0001-49,BTGP SHOPPINGS FII,Shopping/Varejo,tijolo,1.38
BPRP11,29.800.650/0001-01,BRLPROP FII,Tijolo (outros),tijolo,1.98
BRCO11,20.748.515/0001-81,BRESCO LOGISTICA FUNDO DE INVESTIMENTO IMOBILIÁR,Logística,tijolo,1.67
BRCR11,08.924.783/0001-01,BC FUND FII,Tijolo (outros),tijolo,1.78
BRDF11,18.289.950/0001-43,BIRD FII - FII,Tijolo (outros),tijolo,1.59
BRHT11,15.461.076/0001-91,FUNDO DE INVESTIMENTO IMOBILIÁRIO BR HOTÉIS,Tijolo (outros),tijolo,1.87
BRIX11,35.360.651/0001-77,BE IN RIO FII RESP LTDA,Tijolo (outros),tijolo,2.32
BRLA11,35.652.278/0001-28,RAIZZ RENDA LOG FII,Logística,tijolo,1.73
BROF11,48.978.859/0001-04,BRPR CORPORATE FII,Lajes,tijolo,1.87
BRRI11,20.680.775/0001-62,FII BRISA RE IMOB RL,Tijolo (outros),tijolo,1.53
BTAL11,36.642.244/0001-15,BTGP AGRO LOG FII,Logística,tijolo,1.33
BTHI11,18.308.516/0001-63,BTG HOTEIS FII,Tijolo (outros),tijolo,1.97
BTHR11,60.329.826/0001-20,BTG HOSP RET TOT FII,Tijolo (outros),tijolo,1.71
BTLG11,11.839.593/0001-09,BTGP LOGISTICA FII,Logística,tijolo,1.8
BTML11,36.501.210/0001-00,BARRA MALLS FUNDO DE INVESTIMENTO IMOBILIARIO,Shopping/Varejo,tijolo,1.94
BTRA11,41.076.607/0001-32,TERRAS AGRICOLAS FII,Tijolo (outros),tijolo,0.97
BTSG11,36.098.375/0001-83,BTSP I FUNDO DE INVESTIMENTO IMOBILIÁRIO,Tijolo (outros),tijolo,1.99
BTSI11,36.930.464/0001-44,BTSP II FUNDO DE INVESTIMENTO IMOBILIÁRI,Tijolo (outros),tijolo,1.99
BTWR11,20.132.453/0001-89,BTOWERS FUNDO INVESTIMENTO IMOBILIARIO,Tijolo (outros),tijolo,1.98
BTYU11,54.645.216/0001-33,FII BTGP YOU,Tijolo (outros),tijolo,1.17
BVAR11,21.126.204/0001-43,FUNDO DE INVESTIMENTO IMOBILIÁRIO BRASIL VAREJO,Shopping/Varejo,tijolo,1.3
CARE11,13.584.584/0001-31,BRAZILIAN GRAVEYARD AND DEATH CARE SERVICES FII,Tijolo (outros),tijolo,1.97
CBOP11,17.144.039/0001-85,CASTELLO BRANCO OFFICE PARK  - FII,Lajes,tijolo,1.98
CCME11,43.010.844/0001-26,CANUMA CAPITAL FII,Tijolo (outros),hibrido,0.35
CCVA11,52.713.882/0001-36,CANUMA RENDA FII,Tijolo (outros),tijolo,1.94
CDUP11,30.492.505/0001-81,FUNDO DE INVESTIMENTO IMOBILIARIO CCPAR,Tijolo (outros),tijolo,1.0
CENU11,37.899.356/0001-19,FII CENU,Tijolo (outros),tijolo,1.99
CEOC11,15.799.397/0001-09,CEO CYRELA FII,Tijolo (outros),tijolo,1.83
CFII11,41.325.993/0001-59,CF3 FUNDO DE INVESTIMENTO IMOBILIARIO,Tijolo (outros),tijolo,1.61
CHLL11,18.950.957/0001-64,CHALLENGER FUNDO DE INVESTIMENTO IMOBILIÁRIO - F,Tijolo (outros),tijolo,2.05
CJCT11,10.347.985/0001-80,CIDADE JARDIM CONTINENTAL TOWER FII,Tijolo (outros),tijolo,1.99
CJFI11,23.582.914/0001-03,FII CJ,Tijolo (outros),tijolo,1.93
CLSM11,63.811.693/0001-12,CITLOG SUL DE MINAS FII DE RESP LIMITADA,Logística,tijolo,2.72
CNES11,13.551.286/0001-45,CENESP FII,Tijolo (outros),tijolo,1.85
COPP11,48.916.699/0001-60,CAPITÂNIA OFFICE FII,Lajes,tijolo,1.18
CPLG11,52.371.756/0001-40,CAPITANIA LOGISTICA FII,Logística,tijolo,0.83
CSMC11,41.081.336/0001-03,COSMIC FUNDO DE INVESTIMENTO IMOBILIÁRIO,Tijolo (outros),tijolo,1.85
CTXT11,00.762.723/0001-28,FUNDO DE INV. IMOBILIARIO CENTRO TEXTIL INTERNAC,Tijolo (outros),tijolo,1.97
CVFL11,60.619.575/0001-19,CATUAI VISTA FL FII RL,Tijolo (outros),tijolo,4.84
CXAG11,40.189.596/0001-34,FUNDO DE INVESTIMENTO IMOBILIÁRIO CAIXA AGENCIAS,Renda/Especial,tijolo,1.94
CXCE11,10.991.914/0001-15,FUNDO DE INVESTIMENTO IMOBILIARIO CAIXA CEDAE,Tijolo (outros),tijolo,1.87
CXCO11,38.658.984/0001-75,FII CAIXA IMÓVEIS CORPORATIVOS,Lajes,tijolo,1.96
DAMT11,26.642.727/0001-66,DIAMANTE FII RL,Tijolo (outros),tijolo,1.92
DRIT11,10.456.810/0001-00,DRIT11 FII,Tijolo (outros),tijolo,1.18
DUTR11,19.267.845/0001-76,VGS FUNDO DE INVESTIMENTO IMOBILIÁRIO - FII,Tijolo (outros),tijolo,1.92
EAGL11,54.422.883/0001-57,NEST EAGLE FII,Tijolo (outros),tijolo,2.1
EDGA11,15.333.306/0001-37,GALERIA FII,Tijolo (outros),tijolo,1.97
ELDO11,13.022.994/0001-99,FII ELDORADO FII  RESPONSABILIDADE LIMITADA,Tijolo (outros),tijolo,1.98
ERPA11,31.469.385/0001-64,EUROPA 105 FII,Tijolo (outros),tijolo,1.97
EURO11,05.437.916/0001-27,F.I.I EUROPAR RESPONSABILIDADE LIMITADA,Tijolo (outros),tijolo,1.43
EVBI11,34.691.520/0001-00,CAPITANIA HBC II FII,Tijolo (outros),tijolo,2.68
EXTU11,12.358.507/0001-09,EXITUS FIAGRO IMOBILIARIO,Tijolo (outros),tijolo,0.89
EZTB11,18.312.285/0001-61,PRIME OFFICES I FII,Lajes,tijolo,5.13
FAED11,11.179.118/0001-45,ANHANGUERA FII,Tijolo (outros),tijolo,1.97
FAMB11,05.562.312/0001-02,FII EDIFÍCIO ALMIRANTE BARROSO,Tijolo (outros),tijolo,1.99
FATN11,30.567.216/0001-02,BRC RENDA CORPORATIVA FII - RESPONSABILIDADE LIM,Lajes,tijolo,2.26
FCFL11,11.602.654/0001-01,CAMPUS FARIA LIM FII,Tijolo (outros),tijolo,1.99
FIGS11,17.590.518/0001-25,GENERAL SHOPPING ATIVO E RENDA FUNDO DE INVEST I,Shopping/Varejo,tijolo,1.9
FIIB11,14.217.108/0001-45,F.I.I. INDUSTRIAL DO BRASIL SOCIEDADE LIMITADA,Logística,tijolo,1.84
FIIP11,08.696.175/0001-97,RB CAPITAL RENDA I FUNDO DE INVESTIMENTO IMOBILI,Tijolo (outros),tijolo,1.96
FINF11,18.369.510/0001-04,FUNDO DE INVESTIMENTO IMOBILIÁRIO INFRA REAL EST,Tijolo (outros),tijolo,1.12
FISC11,12.804.013/0001-00,FII SC 401 - RESPONSABILIDADE LIMITADA,Tijolo (outros),tijolo,1.97
FISP11,13.598.226/0001-88,FUNDO DE INVESTIMENTO IMOBILIÁRIO DO ESTADO DE S,Tijolo (outros),tijolo,0.77
FIVN11,17.854.016/0001-64,FUNDO DE INVESTIMENTO IMOBILIÁRIO VIDA NOVA - FI,Tijolo (outros),tijolo,2.24
FLEM11,48.565.175/0001-72,051 AGRO FAZENDAS II FI NAS CANDEIAS PRODUTIVAS ,Tijolo (outros),tijolo,1.88
FLFL11,50.808.042/0001-21,VBI TR FARIA LIMA 4440 FI IMOB,Tijolo (outros),tijolo,1.98
FLMA11,04.141.645/0001-03,FII CONTINENTAL SQUARE FARIA LIMA - RESP. LIMITA,Tijolo (outros),tijolo,2.0
FLRP11,10.375.382/0001-91,HEDGE FLORIPA SHOPPING FII,Shopping/Varejo,tijolo,1.98
FMOB11,34.691.925/0001-48,IMMOB III FUNDO DE INVESTIMENTO IMOBILIARIO - FI,Tijolo (outros),tijolo,1.9
FNDA11,13.726.079/0001-84,SONDA FDO INVEST IMOB RESP LTDA,Tijolo (outros),tijolo,1.27
FPAB11,03.251.720/0001-18,FII PROJ AGUA BRANCA,Tijolo (outros),tijolo,1.89
FPNG11,17.161.979/0001-82,FII PEDRA NEGRA RENDA IMOBILIÁRIA - RESP. LIMITA,Tijolo (outros),tijolo,2.23
FTCE11,01.235.622/0001-61,OPPORTUNITY FUNDO DE INVESTIMENTO IMOBILIÁRIO,Tijolo (outros),tijolo,1.19
FTLZ11,01.601.918/0001-59,FORTALEZA FUNDO DE INVESTIMENTO IMOBILIÁRIO DE R,Tijolo (outros),hibrido,0.34
FVPQ11,00.332.266/0001-31,VIA PARQUE SHOPPING FII RESP LTDA,Shopping/Varejo,tijolo,1.93
FZDA11,44.625.694/0001-28,051 AGRO FI NAS CADEIAS PRODUTIVAS AGROINDUSTRIA,Tijolo (outros),tijolo,2.07
FZDB11,49.489.928/0001-70,051 AGRO FAZ III FDO INV NAS CAD PROD AGRO - FIA,Tijolo (outros),tijolo,1.97
G5JF11,22.340.978/0001-35,G5 JOMAFIL - FUNDO DE INVESTIMENTO IMOBILIARIO -,Tijolo (outros),tijolo,1.7
GARE11,37.295.919/0001-60,FII GUARDIAL LOGISTICA,Logística,hibrido,0.32
GCRI11,38.293.897/0001-61,GALAPAGOS CRI FII,Tijolo (outros),hibrido,0.21
GGRC11,26.614.291/0001-00,GGR COVEPI RENDA FUNDO DE INVESTIMENTO IMOBILIÁR,Tijolo (outros),tijolo,1.6
GLDN11,17.282.011/0001-04,GOLDEN FII RL,Tijolo (outros),tijolo,2.64
GLOG11,36.501.198/0001-34,GENIAL LOGÍSTICA FUNDO DE INVESTIMENTO IMOBILIÁR,Logística,tijolo,1.95
GRIV11,11.326.746/0001-06,TAG GR IV FUNDO DE INVESTIMENTO IMOB,Tijolo (outros),tijolo,1.13
GRRO11,30.871.716/0001-25,GREEN FII ROCK,Tijolo (outros),tijolo,1.7
GRUL11,54.483.412/0001-59,ICATU VAN GRU LOG FII,Logística,tijolo,1.99
GSFI11,11.769.604/0001-13,GENERAL SHOPPING E OUTLETS DO BRASIL FII,Shopping/Varejo,tijolo,2.86
GTWR11,23.740.527/0001-58,FUNDO DE INVESTIMENTO IMOBILIÁRIO GREEN TOWERS,Tijolo (outros),tijolo,1.96
HAAA11,27.445.482/0001-40,HEDGE AAA FUNDO DE INVESTIMENTO IMOBILIÁRIO,Tijolo (outros),tijolo,3.71
HBCR11,36.501.159/0001-37,FII HBC RENDA URBANA,Renda Urbana,tijolo,1.18
HBRH11,30.871.698/0001-81,V2 MULTI RENDA FII RESP LIMITADA,Tijolo (outros),tijolo,1.83
HCRI11,04.066.582/0001-60,HOSPITAL CRIANCA FII,Renda/Especial,tijolo,1.97
HCST11,31.152.015/0001-07,FII HECTARE STUDENT HOUSING,Tijolo (outros),tijolo,1.31
HERM11,00.868.235/0001-08,HERMES FII DE RESPONSABILIDADE LIMITADA,Tijolo (outros),tijolo,1.94
HGBL11,53.466.467/0001-98,HEDGE BRASIL LOGÍSTICO INDUSTRIAL FII DE RESP LI,Logística,hibrido,0.45
HGBS11,08.431.747/0001-06,HEDGE BRASIL SHOPPING FUNDO DE INVESTIMENTO IMOB,Shopping/Varejo,tijolo,1.77
HGIC11,38.456.508/0001-71,HGI FII RESP LIMITADA,Tijolo (outros),hibrido,0.42
HGLG11,11.728.688/0001-47,PÁTRIA LOG - FUNDO DE INVESTIMENTO IMOBILIÁRIO,Logística,tijolo,1.91
HGRE11,09.072.017/0001-29,PÁTRIA ESCRITÓRIOS FUNDO DE INVESTIMENTO IMOBILI,Lajes,tijolo,1.78
HGRU11,29.641.226/0001-53,PÁTRIA RENDA URBANA - FUNDO DE INVESTIMENTO IMOB,Renda Urbana,tijolo,1.86
HJCT11,62.082.124/0001-10,HEDGE JHSF CAPITAL PRIME OFFICES FII RESP LTDA,Lajes,tijolo,6.09
HLOG11,27.486.542/0001-72,HEDGE LOGÍSTICA FUNDO DE INVESTIMENTO IMOBILIÁRI,Logística,tijolo,2.12
HMOC11,14.733.211/0001-48,HEDGE SHOPPING PRAÇA DA MOÇA FUNDO DE INVEST IMO,Shopping/Varejo,tijolo,1.99
HOFC11,31.894.369/0001-19,HEDGE OFFICE INCOME FUNDO DE INVESTIMENTO IMOB,Lajes,tijolo,0.89
HOSI11,34.081.631/0001-02,FUNDO DE INVESTIMENTO IMOBILIÁRIO HOUSI,Tijolo (outros),hibrido,0.37
HPDP11,35.586.415/0001-73,HEDGE SHOPPING PARQUE DOM PEDRO FII,Shopping/Varejo,tijolo,1.87
HSLG11,32.903.621/0001-71,HSI LOGÍSTICA FUNDO DE INVESTIMENTO IMOBILIÁRIO,Logística,tijolo,2.48
HSML11,32.892.018/0001-31,HSI - MALLS FII RESP. LIMITADA,Shopping/Varejo,tijolo,2.26
HTMX11,08.706.065/0001-69,HOTEL MAXINVEST FII,Renda/Especial,tijolo,1.92
HUCG11,39.347.413/0001-82,F.I.I HOSPITAL UNIMED CAMPINA GRANDE RESPONS.LIM,Renda/Especial,tijolo,1.83
HUSI11,30.017.492/0001-99,HUSI FUNDO DE INVESTIMENTO IMOBILIÁRIO,Tijolo (outros),tijolo,1.95
IBBP11,52.551.605/0001-74,INVISTA DESENV VI FII RESP LTDA,Tijolo (outros),tijolo,0.94
INC111,11.827.568/0001-05,INCENTIVO FUNDO DE INVESTIMENTO IMOBILIÁRIO-FII,Tijolo (outros),hibrido,0.41
INDE11,52.635.194/0001-03,INTER DESENVOLVIMENTO FII,Tijolo (outros),tijolo,1.8
INLG11,34.598.181/0001-11,INTER LOGÍSTICO FII,Logística,tijolo,1.97
INOI11,61.272.325/0001-18,INTER OPORTUNIDADE COTA SUB,Tijolo (outros),tijolo,1.89
INRD11,34.835.191/0001-23,INTER RESIDENCE FII,Tijolo (outros),tijolo,1.95
IRBL11,21.500.500/0001-62,OMNI MALLS FII,Shopping/Varejo,tijolo,2.27
ISSH11,15.447.108/0001-02,GAZIT MALLS FII,Shopping/Varejo,tijolo,2.36
JASC11,40.886.241/0001-02,JASC RENDA FII RL,Tijolo (outros),tijolo,1.91
JCCJ11,50.701.686/0001-16,FII JHSF CAP MALLS,Shopping/Varejo,hibrido,0.42
JCDR11,56.992.328/0001-96,JHSF CAPITAL DESENV IMOB FII RESPONSABILIDADE LI,Tijolo (outros),tijolo,2.0
JFLL11,36.501.181/0001-87,JFL LIVING FII,Tijolo (outros),tijolo,1.96
JKDF11,23.533.796/0001-43,FUNDO DE INVESTIMENTO IMOB JK D,Tijolo (outros),tijolo,2.28
JKEF11,23.532.837/0001-87,FUNDO DE INVESTIMENTO IMOB JK E,Tijolo (outros),tijolo,2.64
JPPD11,11.268.335/0001-01,JPP FII,Tijolo (outros),tijolo,1.88
JRDM11,14.879.856/0001-93,FUNDO DE INVESTIMENTO IMOBILIÁRIO - FII SHOPPING,Shopping/Varejo,tijolo,1.98
JSRE11,13.371.132/0001-71,JS REAL ESTATE MULTIGESTÃO FUNDO DE INVESTIMENTO,Tijolo (outros),tijolo,1.7
KNHF11,42.754.342/0001-47,KINEA HEDGE FUND FII RESPONSABILIDADE LIMITADA,Tijolo (outros),tijolo,0.63
KNRI11,12.005.956/0001-65,KINEA RENDA IMOBILIARIA FII RESPONSABILIDADE LIM,Tijolo (outros),tijolo,1.86
KORE11,52.219.978/0001-42,KINEA OPORTUNIDADES REAL ESTATE FII,Tijolo (outros),tijolo,1.93
KRES11,53.654.501/0001-58,KINEA AQUISIÇÕES RESIDENCIAIS FII RESPONSABILIDA,Tijolo (outros),tijolo,1.09
LAFI11,51.710.043/0001-00,LAVOURA I FIAGRO IMOBILIÁRIO,Tijolo (outros),tijolo,2.0
LASC11,30.248.158/0001-46,LEGATUS FII RL,Tijolo (outros),tijolo,1.98
LGVT11,02.508.235/0001-14,LOGINVEST FII INDUSTRIAL DE RESPONSABILIDADE LIM,Logística,tijolo,1.97
LKDV11,40.102.445/0001-05,DEVELOPMENT V1 FII,Tijolo (outros),hibrido,0.5
LSOI11,53.087.126/0001-01,LCP SPECIAL OPPORTUNITIES I FII RESPONSABILIDADE,Tijolo (outros),hibrido,0.3
LVBI11,30.629.603/0001-18,VBI LOGISTICO FII RL,Logística,tijolo,1.4
MALL11,26.499.833/0001-32,PATRIA MALLS FUNDO DE INVESTIMENTO IMOBILIÁRIO,Shopping/Varejo,tijolo,1.83
MAXR11,11.274.415/0001-70,MAX RETAIL FII,Tijolo (outros),tijolo,1.83
MCHY11,36.655.973/0001-06,MAUÁ CAP REAL FII RL,Tijolo (outros),hibrido,0.33
MCLO11,57.466.934/0001-30,MAUÁ CAPITAL LOGÍSTICA FII - RESPONSABILIDADE LI,Logística,tijolo,1.99
MIST11,01.497.954/0001-14,FUNDO DE INVESTIMENTO IMOBILIÁRIO MISTRAL,Tijolo (outros),tijolo,1.99
MMVE11,41.251.337/0001-59,MARESIAS OPORTUNIDADES IMOBILIARIAS FII,Tijolo (outros),tijolo,1.0
MTOF11,22.862.226/0001-34,ALIANZA MULTIOFFICES - FUNDO DE INVESTIMENTO IMO,Lajes,tijolo,2.35
MVFI11,23.537.203/0001-17,FII MV9,Tijolo (outros),tijolo,1.7
NELO11,30.495.165/0001-42,NE LOGISTIC FUNDO DE INVESTIMENTO IMOBILIÁRIO,Logística,tijolo,1.44
NEWL11,32.527.626/0001-47,NEWPORT LOGISTICA FII,Logística,tijolo,2.45
NEWU11,14.793.782/0001-78,NEWPORT RENDA URBANA FII,Renda Urbana,tijolo,1.18
NSLU11,08.014.513/0001-63,HNS LOURDES FII,Tijolo (outros),tijolo,1.92
NVHO11,17.025.970/0001-44,FUNDO DE INVESTIMENTO IMOBILIARIO - FII NOVO HOR,Tijolo (outros),tijolo,1.99
NVIF11,22.003.469/0001-17,NOVA I FII,Tijolo (outros),tijolo,3.27
OBAL11,42.273.290/0001-97,OPPORTUNITY BALASSIANO FUNDO DE INVESTIMENTO IMO,Tijolo (outros),tijolo,2.0
PATB11,14.788.492/0001-36,PATEO BANDEIRANT FII,Tijolo (outros),tijolo,2.51
PATC11,30.048.651/0001-12,PATRIA EDIFICIOS CORPORATIVOS FII,Lajes,tijolo,2.0
PATL11,35.754.164/0001-99,PÁTRIA LOGÍSTICA FII,Logística,tijolo,1.93
PBLV11,31.962.875/0001-06,PROLOGIS BRAZIL LOGISTICS VENTURE FII,Logística,tijolo,1.77
PCAS11,24.514.406/0001-50,PRAIA DO CASTELO FUNDO DE INVESTIMENTO IMOBILIÁR,Tijolo (outros),tijolo,0.63
PMEP11,10.427.246/0001-06,PRIME P FII,Tijolo (outros),tijolo,4.4
PMOV11,01.636.325/0001-28,PATEO MOINHOS FII RL,Tijolo (outros),tijolo,1.94
PQAG11,12.978.943/0001-72,PARQUE ANHANGUERA FUNDO DE INVESTIMENTO IMOBILIÁ,Tijolo (outros),tijolo,2.01
PQDP11,10.869.155/0001-12,PDPSC FII,Tijolo (outros),tijolo,1.67
PRGD11,08.098.114/0001-28,HSI RENDA IMOBILIÁRIA FUNDO DE INVESTIMENTO IMOB,Tijolo (outros),tijolo,1.79
PVBI11,35.652.102/0001-76,VBI PRIME FII RL,Tijolo (outros),tijolo,1.63
QAGR11,32.754.734/0001-52,PATRIA AGRO FII RL,Tijolo (outros),tijolo,1.95
QNTS11,27.368.617/0001-10,FUNDO DE INVESTIMENTO IMOB. QUINTAS,Tijolo (outros),tijolo,1.0
RBCA11,18.330.535/0001-96,FII PETROS,Tijolo (outros),tijolo,1.93
RBFY11,62.662.477/0001-90,RIO BRAVO FOR YOU FII,Tijolo (outros),tijolo,2.35
RBGS11,13.652.006/0001-95,RB GEN SHOPPING SULACAP FUNDO DE INVESTIMENTO IM,Shopping/Varejo,tijolo,1.99
RBOP11,13.500.306/0001-59,FUNDO DE INVESTIMENTO IMOBILIÁRIO RB OPORTUNIDAD,Tijolo (outros),tijolo,1.8
RBRD11,09.006.914/0001-34,RB CAPITAL RENDA II - FII,Tijolo (outros),tijolo,1.92
RBRK11,53.391.653/0001-05,RBR PRIME OFFICES FI,Lajes,tijolo,2.19
RBRP11,21.408.063/0001-51,FUNDO DE INVESTIMENTO IMOBILIARIO RBR PROPERTIES,Tijolo (outros),tijolo,1.29
RBRS11,36.517.660/0001-91,RIO BRAVO RENDA RESIDENCIAL FII,Tijolo (outros),tijolo,1.92
RBVA11,15.576.907/0001-70,RIO BRAVO RENDA VAREJO FII DE RESPONSABILIDADE L,Shopping/Varejo,tijolo,1.86
RCRB11,03.683.056/0001-86,FUNDO DE INV. IMOBILIÁRIO RIO BRAVO RENDA CORPOR,Lajes,tijolo,2.19
RECT11,32.274.163/0001-59,FUNDO REC RENDA IMOBILIARIA,Tijolo (outros),tijolo,2.06
RLMI11,11.233.841/0001-65,REAL MINAS FUNDO DE INVESTIMENTO IMOBILIÁRIO - F,Tijolo (outros),tijolo,1.97
RMAI11,17.374.696/0001-19,REAG MULTI ATIVOS IMOBILIÁRIOS - FII,Tijolo (outros),tijolo,0.86
RNGO11,15.006.286/0001-90,FUNDO DE INVESTIMENTO IMOBILIÁRIO RIO NEGRO,Tijolo (outros),tijolo,1.97
RWYM11,14.088.246/0001-71,FUNDO DE INVESTIMENTO IMOBILIÁRIO RAILWAY MALL I,Shopping/Varejo,tijolo,1.99
RZAT11,28.267.696/0001-36,RIZA ARCTIUM FII RL,Tijolo (outros),tijolo,1.23
RZTR11,36.501.128/0001-86,FUNDO DE INVESTIMENTO IMOBILIÁRIO RIZA TERRAX,Tijolo (outros),tijolo,2.6
RZZV11,51.786.271/0001-55,RAIZZ DESENV FII,Tijolo (outros),tijolo,1.11
SAIC11,17.311.079/0001-74,FUNDO DE INVESTIMENTO IMOBILIÁRIO - FII SIA CORP,Lajes,tijolo,2.05
SEQR11,09.517.273/0001-82,SEQUÓIA III RENDA IMOBILIÁRIA FII,Tijolo (outros),tijolo,1.85
SHDP11,07.224.019/0001-60,SPDP FII RL,Tijolo (outros),tijolo,1.07
SHOP11,22.459.737/0001-00,MULTI SHOPPINGS FII RESPONSABILIDADE LIMITADA,Shopping/Varejo,tijolo,1.85
SHPG11,17.568.605/0001-86,MAIS SHOPPING FII RL,Shopping/Varejo,tijolo,1.89
SHPH11,03.507.519/0001-59,SHOPPING PÁTIO HIGIENÓPOLIS FII DE RESPONSABILID,Shopping/Varejo,tijolo,1.96
SHPP11,59.090.726/0001-05,SHOP PT PAULISTA FII,Tijolo (outros),tijolo,1.92
SNFZ11,53.313.475/0001-02,SUNO FAZENDAS FIAGRO-IMOBILIARIO,Tijolo (outros),tijolo,1.44
SOLR11,22.169.671/0001-13,SOLARIUM FII - FUNDO DE INVESTIMENTO IMOBILIÁRIO,Tijolo (outros),tijolo,1.99
SPG211,57.077.139/0001-50,SPGM II FUNDO DE INVESTIMENTO IMOBILIÁRIO,Tijolo (outros),tijolo,1.97
SPTW11,31.145.875/0001-05,BFC FUNDO DE INVESTIMENTO IMOBILIÁRIO,Tijolo (outros),tijolo,1.86
SPVJ11,27.538.422/0001-71,FUNDO IMOBILIÁRIO SUCCESPAR,Tijolo (outros),tijolo,0.71
SRII11,14.365.190/0001-55,ESTRUTURA II FUNDO DE INVESTIMENTO IMOBILIARIO -,Tijolo (outros),tijolo,1.99
STRX11,11.044.355/0001-07,STARX FII RESPONSABILIDADE LIMITADA,Tijolo (outros),tijolo,1.97
TEPP11,26.681.370/0001-25,FII TELLUS PROP,Tijolo (outros),tijolo,2.28
TJKB11,39.714.024/0001-48,TJK RENDA IMOBILIARIA FII - RESPONSABILIDADE LIM,Tijolo (outros),tijolo,1.88
TMFI11,23.570.871/0001-46,TM FII RL,Tijolo (outros),tijolo,1.97
TOPP11,56.805.391/0001-76,FII RBR TOP OFFICES,Lajes,tijolo,2.81
TRBL11,16.671.412/0001-93,TELLUS RIO BRAVO RENDA LOGISTICA FII DE RESP LTD,Logística,tijolo,1.6
TRNT11,04.722.883/0001-02,TORRE NORTE FII,Tijolo (outros),tijolo,1.99
TRRF11,13.320.290/0001-00,FII TERRA RL,Tijolo (outros),tijolo,2.37
TRXB11,36.368.925/0001-37,TRX REAL ESTATE II FUNDO DE INVESTIMENTO IMOBILI,Tijolo (outros),tijolo,1.64
TRXF11,28.548.288/0001-52,TRX REAL ESTATE FUNDO DE INVESTIMENTO IMOBILIÁRI,Tijolo (outros),tijolo,2.8
TSER11,34.847.042/0001-84,TISHMAN SPEYER RENDA CORPORATIVA FUNDO DE INV IM,Lajes,tijolo,3.55
TSNC11,17.007.443/0001-07,TRANSINC FII RL,Tijolo (outros),tijolo,1.59
UMED11,41.114.606/0001-35,F.I.I UNIMED INVESTCOOP NACIONAL RESPONS. LIMITA,Tijolo (outros),tijolo,1.53
VCRR11,40.041.723/0001-53,PATRIA RENDA RESIDENCIAL FII RESPONSABILIDADE LI,Tijolo (outros),tijolo,1.99
VERE11,08.693.497/0001-82,FUNDO DE INVESTIMENTO IMOBILIÁRIO VEREDA,Tijolo (outros),tijolo,1.73
VGRI11,53.656.482/0001-07,VALORA RENDA IMOBILIARIA FII,Tijolo (outros),tijolo,1.98
VILG11,24.853.044/0001-22,VINCI LOGISTICA FUNDO DE INVESTIMENTO IMOBILIARI,Logística,tijolo,1.48
VINO11,12.516.185/0001-70,VINCI OFFICES FUNDO DE INVESTIMENTO IMOBILIÁRIO,Lajes,tijolo,2.85
VISC11,17.554.274/0001-25,VINCI SHOPPING CENTERS FUNDO DE INVESTIMENTO IMO,Shopping/Varejo,tijolo,2.19
VIUR11,36.445.587/0001-90,VINCI IMÓVEIS URBANOS FII - RESP LTDA,Renda Urbana,hibrido,0.44
VJFD11,15.489.509/0001-17,JFDCAM - FUNDO DE INVESTIMENTO IMOBILIÁRIO - FII,Tijolo (outros),tijolo,1.88
VPPR11,30.654.849/0001-40,V2 PRIME PROPERTIES FII,Tijolo (outros),tijolo,3.13
VPSI11,14.721.889/0001-00,FUNDO DE INVESTIMENTO IMOBILIARIO POLO SHOPPING ,Shopping/Varejo,tijolo,2.0
VRTM11,51.870.412/0001-13,FATOR VERITA MULTIESTRATÉGIA FII,Tijolo (outros),tijolo,0.96
VSHO11,23.740.595/0001-17,FUNDO DE INVESTIMENTO IMOBILIÁRIO VOTORANTIM SHO,Shopping/Varejo,tijolo,1.94
VTPA11,21.500.481/0001-74,FUNDO DE INVESTIMENTO IMOBILIÁRIO VOTORANTIM PAT,Tijolo (outros),tijolo,2.0
VTPL11,15.098.422/0001-19,PLUS FII,Tijolo (outros),tijolo,2.17
VVPR11,33.045.581/0001-37,V2 PROPERTIES FII,Tijolo (outros),tijolo,1.95
VVRI11,49.184.940/0001-77,V2 RENDA IMOB FII RL,Tijolo (outros),tijolo,1.28
WPLZ11,09.326.861/0001-39,SHOPPING WEST PLAZA FUNDO DE INVESTIMENTO IMOBIL,Shopping/Varejo,tijolo,1.95
WTSP11,28.693.595/0001-27,FII OURINVEST RE I - RESPONSABILIDADE LIMITADA,Tijolo (outros),tijolo,1.98
XPIN11,28.516.325/0001-40,XP INDUSTRIAL FII,Logística,tijolo,2.07
XPLG11,26.502.794/0001-85,FII XP LOG,Logística,tijolo,2.07
XPML11,28.757.546/0001-00,XP MALLS FII,Shopping/Varejo,tijolo,1.62
XTED11,15.006.267/0001-63,V2 ED CORP FII RL,Tijolo (outros),tijolo,1.25
ZAGH11,45.188.066/0001-95,ZAGROS MULTI FII,Tijolo (outros),tijolo,0.98
ZAVI11,40.575.940/0001-23,FII ZAVIT REAL ESTATE FUND,Tijolo (outros),tijolo,2.94
